case,sigma_surface_fraction,alpha_basal,alpha_prism,v_basal_um_s,v_prism_um_s,v_basal_over_v_prism
broad_prism,0.002,4.5399929762484854e-05,6.82560337633487e-08,1.88863707811937e-05,2.839451004555306e-08,665.1416330443618
narrow_prism,0.002,4.5399929762484854e-05,0.4723665527410147,1.88863707811937e-05,0.1965044859402621,9.611165206139471e-05
broad_prism,0.0021000000000000003,7.309069257944992e-05,1.4975192964078687e-07,3.192601451870373e-05,6.54116428670957e-08,488.0784692041974
narrow_prism,0.0021000000000000003,7.309069257944992e-05,0.48954165955695317,3.192601451870373e-05,0.21383179689447718,0.00014930433631654298
broad_prism,0.0022,0.00011268558050780087,3.059023205018258e-07,5.1564921640369684e-05,1.399809018616355e-07,368.3711203071057
narrow_prism,0.0022,0.00011268558050780087,0.5056967074374725,5.1564921640369684e-05,0.23140681332338744,0.00022283233972159887
broad_prism,0.0023,0.00016731167394185524,5.872436145429873e-07,8.004190481378354e-05,2.809373451973651e-07,284.9101630029009
narrow_prism,0.0023,0.00016731167394185524,0.5209121273117441,8.004190481378354e-05,0.24920436170593838,0.00032118982294633005
broad_prism,0.0024000000000000002,0.0002403694764195145,1.0677040100347827e-06,0.00011999244262862165,5.329978418093635e-07,225.12744558455296
narrow_prism,0.0024000000000000002,0.0002403694764195145,0.5352614285189903,0.00011999244262862165,0.26720250511668,0.00044906930261085783
broad_prism,0.0025,0.00033546262790251185,1.8506011975819048e-06,0.00017444056650930617,9.623126227425905e-07,181.27224187515137
narrow_prism,0.0025,0.00033546262790251185,0.5488116360940264,0.00017444056650930617,0.2853820507688937,0.0006112527611295726
broad_prism,0.0026,0.000456323900581031,3.07468625653093e-06,0.0002467799654342216,1.6627903275319271e-06,148.41315910257674
narrow_prism,0.0026,0.000456323900581031,0.5616237838971455,0.0002467799654342216,0.3037261423315763,0.000812508148096166
broad_prism,0.0027,0.0006067416911921478,4.919900642773404e-06,0.00034074613377351023,2.7630162009815443e-06,123.32397242276838
narrow_prism,0.0027,0.0006067416911921478,0.5737534207374327,0.00034074613377351023,0.3222199210861422,0.0010574955534248772
broad_prism,0.0028000000000000004,0.0007904903231199669,7.612535316098297e-06,0.00046038156418506883,4.433540568095648e-06,103.84061160915866
narrow_prism,0.0028000000000000004,0.0007904903231199669,0.5852511043074123,0.00046038156418506883,0.340850243148637,0.0013506857437807576
broad_prism,0.0029000000000000002,0.0010112665497004167,1.1429528354552763e-05,0.0006099959827792914,6.894291503466227e-06,88.47841471057689
narrow_prism,0.0029000000000000002,0.0010112665497004167,0.5961628688829712,0.0006099959827792914,0.35960544251020826,0.001696292410151649
broad_prism,0.0030000000000000005,0.001272633801339809,1.670170079024569e-05,0.0007941234920360409,1.0421861293113311e-05,76.1978565729705
narrow_prism,0.0030000000000000005,0.001272633801339809,0.6065306597126334,0.0007941234920360409,0.3784751316606833,0.0020982184180809043
broad_prism,0.0031,0.0015779749941570481,2.3815800992625876e-05,0.0010174782762324647,1.5356428480045166e-05,66.2574815201739
narrow_prism,0.0031,0.0015779749941570481,0.616392731327227,0.0010174782762324647,0.397450033159796,0.002560015577664789
broad_prism,0.0032,0.0019304541362277093,3.3215298167313715e-05,0.0012849102730731635,2.210810246016401e-05,58.11942817744799
narrow_prism,0.0032,0.0019304541362277093,0.6257840096045911,0.0012849102730731635,0.4165218367928159,0.0030848569260302594
broad_prism,0.0033,0.002332986527749615,4.5399929762484854e-05,0.0016013619526473357,3.1162511788969606e-05,51.38744795322178
narrow_prism,0.0033,0.002332986527749615,0.6347364189402819,0.0016013619526473357,0.4356830779606095,0.0036755201972570443
broad_prism,0.0034000000000000002,0.0027882170400494234,6.0924062098027426e-05,0.0019718270907229524,4.3085496715725e-05,45.765448724728074
narrow_prism,0.0034000000000000002,0.0027882170400494234,0.6432791767011972,0.0019718270907229524,0.45492703376308663,0.004334380998228004
broad_prism,0.0034999999999999996,0.0032985057559390884,8.039396646431857e-05,0.0024013121903236558,5.852680758602391e-05,41.02926999382561
narrow_prism,0.0034999999999999996,0.0032985057559390884,0.6514390575310556,0.0024013121903236558,0.47424763388260843,0.005063414171757487
broad_prism,0.0036,0.003865920139472804,0.00010446414383170514,0.002894801000437236,7.82227509011808e-05,37.00714903384378
narrow_prism,0.0036,0.003865920139472804,0.6592406302004438,0.002894801000437236,0.49363938389409223,0.005864201874658973
broad_prism,0.0037,0.004492232856494007,0.00013383285077491971,0.0034572224063577884,0.00010299776195637822,33.56599542252187
narrow_prism,0.0037,0.004492232856494007,0.6667064696566672,0.0034572224063577884,0.5130972990477711,0.006737946999085468
broad_prism,0.0038,0.005178924370597751,0.000169236988535813,0.004093421822520462,0.0001337649157387066,30.601610294559308
narrow_prism,0.0038,0.005178924370597751,0.6738573467986401,0.004093421822520462,0.5326168469096451,0.007685490697996799
broad_prism,0.0039000000000000003,0.005927189477194528,0.00021144651797734188,0.004808136103900201,0.00017152541538321975,28.03162489452615
narrow_prism,0.0039000000000000003,0.005927189477194528,0.6807123983233854,0.004808136103900201,0.5521938975199303,0.008707332923262994
broad_prism,0.004,0.006737946999085467,0.00026125855730166754,0.005605971903239109,0.0002173671196749874,25.790339917193062
narrow_prism,0.004,0.006737946999085467,0.6872892787909722,0.005605971903239109,0.5718246799540889,0.009803655035821828
broad_prism,0.0041,0.007611851940887936,0.00031949130854942736,0.006491387335189233,0.0002724621879309517,23.824910841699264
narrow_prism,0.0041,0.007611851940887936,0.6936042968508962,0.006491387335189233,0.5915057443544443,0.010974343693439163
broad_prism,0.004200000000000001,0.00854930947968606,0.00038697794464386063,0.0074686767614537426,0.0003380639324408767,22.0924980299693
narrow_prism,0.004200000000000001,0.00854930947968606,0.6996725373751304,0.0074686767614537426,0.611233928650914,0.012219015357897827
broad_prism,0.004300000000000001,0.009550490250295019,0.00046456057245409605,0.008541958479863866,0.00041550297600294355,20.558116242718203
narrow_prism,0.004300000000000001,0.009550490250295019,0.7055079710570181,0.008541958479863866,0.6310063293133972,0.013537040886988308
broad_prism,0.0044,0.010615346461976682,0.0005530843701478336,0.00971516508200106,0.0005061828155592974,19.192996647399948
narrow_prism,0.0044,0.010615346461976682,0.7111235528636867,0.00971516508200106,0.6508202755808461,0.01492756978619088
broad_prism,0.0045000000000000005,0.011743628457021371,0.0006533919798673806,0.010992036235772005,0.0006115748931558683,17.973328138195058
narrow_prism,0.0045000000000000005,0.011743628457021371,0.7165313105737893,0.010992036235772005,0.6706733066970668,0.016389553790213608
broad_prism,0.0046,0.012934901388949791,0.0007663182201559527,0.012376113648947161,0.0007332132730452155,16.87928206420229
narrow_prism,0.0046,0.012934901388949791,0.7217424244921065,0.012376113648947161,0.6905631517540475,0.01792176952609117
broad_prism,0.0047,0.014188561758514401,0.0008926851670506315,0.01387073797512368,0.0008726890193086974,15.894250607291264
narrow_prism,0.0047,0.014188561758514401,0.7267672993071735,0.01387073797512368,0.7104877118026929,0.01952284007830339
broad_prism,0.0048000000000000004,0.015503853599009328,0.001033297638647637,0.015479047433250915,0.001031644362425801,15.004247584752557
narrow_prism,0.0048000000000000004,0.015503853599009328,0.7316156289466418,0.015479047433250915,0.7304450439403272,0.021191255333529866
broad_prism,0.0049,0.01687988414878991,0.0011889391054054287,0.017203977924446674,0.001211766736229213,14.197433722254312
narrow_prism,0.0049,0.01687988414878991,0.7362964551863367,0.017203977924446674,0.7504333471259144,0.02292539102951143
broad_prism,0.005,0.01831563888873418,0.0013603680375478928,0.019048264444283546,0.0014147827590498085,13.463738035001695
narrow_prism,0.005,0.01831563888873418,0.7408182206817179,0.019048264444283546,0.7704509495089866,0.024723526470339388
broad_prism,0.0051,0.019809995856158447,0.0015483146916520788,0.021014443604212882,0.0016424522249045253,12.794553951445643
narrow_prism,0.0051,0.019809995856158447,0.7451888170134805,0.021014443604212882,0.7904962970879003,0.02658386090058579
broad_prism,0.0052,0.02136173917500705,0.0017534783307845382,0.023104857091687626,0.0018965621625765565,12.182493960703477
narrow_prism,0.0052,0.02136173917500705,0.7494156282712188,0.023104857091687626,0.8105679435381501,0.028504528554181806
broad_prism,0.0053,0.022969571765570573,0.0019765248662813764,0.025321655914365,0.0021789210125885894,11.621190381877362
narrow_prism,0.0053,0.022969571765570573,0.7535055706393545,0.025321655914365,0.8306645410728245,0.030483612411890643
broad_prism,0.0054,0.024632127216140873,0.002218084904320257,0.02766680528916943,0.002491352964532513,11.105132706220507
narrow_prism,0.0054,0.024632127216140873,0.7574651283969664,0.02766680528916943,0.8507848322154727,0.032519156714541
broad_prism,0.0055000000000000005,0.026347980814448734,0.0024787521766663585,0.030142090051729353,0.0028356924901063144,10.629534110942785
narrow_prism,0.0055000000000000005,0.026347980814448734,0.7613003866968737,0.030142090051729353,0.8709276423812236,0.0346091782887005
broad_prism,0.005600000000000001,0.028115659748972045,0.0027590823322435117,0.03274912047560264,0.003213779100597243,10.190221371940778
narrow_prism,0.005600000000000001,0.028115659748972045,0.7650170614485747,0.03274912047560264,0.8910918731753,0.03675167674788127
broad_prism,0.0057,0.029933652499726335,0.0030595920643442407,0.03548933840367555,0.003627452351486532,9.783543645757883
narrow_prism,0.0057,0.029933652499726335,0.7686205265937358,0.03548933840367555,0.9112764963295331,0.03894464363628446
broad_prism,0.0058000000000000005,0.031800417445379814,0.0033807585472128534,0.03836402360610621,0.004078547111357586,9.406296545962013
narrow_prism,0.0058000000000000005,0.031800417445379814,0.7721158390312759,0.03836402360610621,0.9314805482073313,0.04118607058401723
broad_prism,0.005900000000000001,0.03371439071884843,0.00372301915528825,0.0413743002901708,0.00456888910736974,9.055658677167925
narrow_prism,0.005900000000000001,0.03371439071884843,0.7755077614211655,0.0413743002901708,0.9517031248160545,0.04347395654308442
broad_prism,0.006000000000000001,0.03567399334725241,0.004086771438464071,0.044521143697371014,0.005100290755203162,8.729138363720127
narrow_prism,0.006000000000000001,0.03567399334725241,0.7788007830714049,0.044521143697371014,0.9719433772731134,0.045806314172621494
broad_prism,0.006100000000000001,0.037677637714538914,0.00447237332721051,0.04780538673220698,0.005674547277564696,8.424528758657777
narrow_prism,0.006100000000000001,0.037677637714538914,0.7819991390908587,0.04780538673220698,0.9922005076784818,0.04818117544009371
broad_prism,0.0062,0.03972373338644101,0.004880143542215319,0.05122772657515432,0.006293433112040875,8.139869871206411
narrow_prism,0.0062,0.03972373338644101,0.7851068279713449,0.05122772657515432,1.0124737653518463,0.05059659650277664
broad_prism,0.0063,0.041810692337960746,0.005310362184262866,0.05478873123966376,0.0069586986062580595,7.873416329655584
narrow_prism,0.0063,0.041810692337960746,0.788127627745311,0.05478873123966376,1.0327624433974554,0.05305066193095336
broad_prism,0.0064,0.04393693362340742,0.005763271481312824,0.058488846039479965,0.007672066995923633,7.623609917712736
narrow_prism,0.0064,0.04393693362340742,0.791065110850296,0.058488846039479965,1.0530658755639142,0.055541488331068874
broad_prism,0.006500000000000001,0.04610088752834604,0.006239076671107937,0.062328399938323856,0.008435231659337931,7.389056098930651
narrow_prism,0.006500000000000001,0.04610088752834604,0.7939226578179513,0.062328399938323856,1.0733834333698702,0.05806722742370342
broad_prism,0.0066,0.04830099924173013,0.006737946999085467,0.06630761175904712,0.00924985364034453,7.1685038852763245
narrow_prism,0.0066,0.04830099924173013,0.7967034698934616,0.06630761175904712,1.093714523469744,0.06062606862775322
broad_prism,0.0067,0.05053573208512023,0.007260016812851423,0.07042659623382355,0.010117559430389743,6.9608285197995245
narrow_prism,0.0067,0.05053573208512023,0.799410580680598,0.07042659623382355,1.1140585852364815,0.06321624119872842
broad_prism,0.0068,0.05280357033430051,0.007805386735968136,0.07468536988083464,0.011039938999353332,6.765016535436415
narrow_prism,0.0068,0.05280357033430051,0.8020468668981864,0.07468536988083464,1.1344150885407946,0.06583601596563998
broad_prism,0.0069,0.05510302166687646,0.008374124905279764,0.0790838566963011,0.012018544064057517,6.580152826731162
narrow_prism,0.0069,0.05510302166687646,0.8046150583253528,0.0790838566963011,1.1547835317085464,0.06848370670760563
broad_prism,0.006999999999999999,0.05743261926761732,0.00896626825743679,0.0836218936536508,0.013054886582827965,6.405409432177275
narrow_prism,0.006999999999999999,0.05743261926761732,0.8071177470053893,0.0836218936536508,1.1751634396398467,0.07115767120808189
broad_prism,0.0070999999999999995,0.05979092362144693,0.009581823851665134,0.08829923600415282,0.01415043746413907,6.240035774719072
narrow_prism,0.0070999999999999995,0.05979092362144693,0.8095573957713693,0.08829923600415282,1.195554362075158,0.073856312021554
broad_prism,0.0072,0.06217652402211629,0.010220770217146315,0.09311556237552135,0.01530662547719832,6.0833501488771615
narrow_prism,0.0072,0.06217652402211629,0.8119363461506349,0.09311556237552135,1.2159558719951908,0.0765780769845977
broad_prism,0.0073,0.06458803982274494,0.010883058714626104,0.09807047966685592,0.01652483635228828,5.93473227668458
narrow_prism,0.0073,0.06458803982274494,0.8142568256998955,0.09807047966685592,1.2363675641427214,0.07932145950048157
broad_prism,0.0074,0.06702412145260844,0.01156861490304348,0.10316352773985492,0.017806412058764525,5.793616782504851
narrow_prism,0.0074,0.06702412145260844,0.8165209548178585,0.10316352773985492,1.2567890536556479,0.08208499862389879
broad_prism,0.0075,0.06948345122280151,0.012277339903068436,0.10839418390757036,0.01915265024878676,5.659487459937127
narrow_prism,0.0075,0.06948345122280151,0.8187307530779818,0.10839418390757036,1.2772199748016515,0.0848672789700174
broad_prism,0.0076,0.07196474394172296,0.013009111750454487,0.11376186722307566,0.020564803855118455,5.531872223267571
narrow_prism,0.0076,0.07196474394172296,0.8208881451200524,0.11376186722307566,1.2976599798057789,0.08766693046980029
broad_prism,0.0077,0.07446674735972487,0.013763786733050402,0.11926594257133537,0.022044080831653524,5.41033865200127
narrow_prism,0.0077,0.07446674735972487,0.8229949661357898,0.11926594257133537,1.3181087377630811,0.09048262799147942
broad_prism,0.0078000000000000005,0.07698824246074545,0.014541200706177667,0.12490572456831343,0.02359164402570265,5.294490050470031
narrow_prism,0.0078000000000000005,0.07698824246074545,0.825052966980536,0.12490572456831343,1.3385659336292217,0.09331309084615619
broad_prism,0.0079,0.07952804361730581,0.015341170381867308,0.13068048127195692,0.02520861117148436,5.183961955816944
narrow_prism,0.0079,0.07952804361730581,0.8270638189402405,0.13068048127195692,1.3590312672826035,0.09615708219374072
broad_prism,0.008,0.0820849986238988,0.016163494588165874,0.1365894377101676,0.026896054994708013,5.0784190371800815
narrow_prism,0.008,0.0820849986238988,0.8290291181804004,0.1365894377101676,1.3795044526521862,0.0990134083638263
broad_prism,0.008100000000000001,0.08465798862252998,0.01700795549536871,0.14263177923123851,0.028655003418597207,4.977552336939173
narrow_prism,0.008100000000000001,0.08465798862252998,0.830950389901292,0.14263177923123851,1.399985216905697,0.10188091810461324
broad_prism,0.0082,0.08724592793298686,0.01787431980662278,0.1488066546825024,0.030486439862175814,4.881076811698343
narrow_prism,0.0082,0.08724592793298686,0.8328290922217452,0.1488066546825024,1.4204732996934086,0.10475850177164221
broad_prism,0.0083,0.08984776379931068,0.018762339910866132,0.15511317942312997,0.03239130362211929,4.788729136458919
narrow_prism,0.0083,0.08984776379931068,0.8346666198118138,0.15511317942312997,1.4409684524431152,0.1076450904668597
broad_prism,0.008400000000000001,0.09246247606292003,0.01967175499653909,0.1615504381771339,0.0343704903299531,4.700265740356528
narrow_prism,0.008400000000000001,0.09246247606292003,0.8364643072929833,0.1615504381771339,1.4614704377023005,0.11053965513741135
broad_prism,0.0085,0.09508907677188685,0.020602292124919548,0.16811748773269597,0.03642485247685777,4.615461046534314
narrow_prism,0.0085,0.09508907677188685,0.8382234324229999,0.16811748773269597,1.4819790285238639,0.11344120564253236
broad_prism,0.008600000000000002,0.09772660973498988,0.021553667262303556,0.17481335949394994,0.03855519999880861,4.534105892314184
narrow_prism,0.008600000000000002,0.09772660973498988,0.8399452190809935,0.17481335949394994,1.5024940078920814,0.11634878979597643
broad_prism,0.008700000000000001,0.10037415002835652,0.02252558627057692,0.18163706189131398,0.040762300915236,4.456006108904963
narrow_prism,0.008700000000000001,0.10037415002835652,0.8416308400672835,0.18163706189131398,1.5230151681857564,0.11926149239057375
broad_prism,0.0088,0.1030308034617642,0.023517745856009107,0.1885875826564132,0.04304688201483907,4.380981242530028
narrow_prism,0.0088,0.1030308034617642,0.8432814197310923,0.1885875826564132,1.5435423106757913,0.1221784342107513
broad_prism,0.008900000000000002,0.1056957060109805,0.024529834476347778,0.19566389096752712,0.04540962958261501,4.3088634011327995
narrow_prism,0.008900000000000002,0.1056957060109805,0.8448980364383255,0.19566389096752712,1.5640752450546285,0.12509877103814987
broad_prism,0.009000000000000001,0.10836802322189591,0.025561533206507402,0.20286493947138917,0.04785119016258186,4.239496212782252
narrow_prism,0.009000000000000001,0.10836802322189591,0.8464817248906141,0.20286493947138917,1.5846137889952299,0.12802169265485286
broad_prism,0.009099999999999999,0.11104694959162303,0.026612516563330073,0.21018966618702406,0.05037217135107115,4.1727338835981
narrow_prism,0.009099999999999999,0.11104694959162303,0.8480334783059285,0.21018966618702406,1.605157767737461,0.13094642184817473
broad_prism,0.0092,0.11373170793120883,0.02768245329005276,0.2176369962971612,0.05297314261584496,4.108440344486248
narrow_prism,0.0092,0.11373170793120883,0.8495542504702724,0.2176369962971612,1.6257070136999134,0.13387221342045244
broad_prism,0.0093,0.11642154871412125,0.028771007101248386,0.22520584383259612,0.05565463613665487,4.046488477251451
narrow_prism,0.0093,0.11642154871412125,0.8510449576692257,0.22520584383259612,1.6462613661153502,0.1367983532068239
broad_prism,0.009399999999999999,0.11911574941423317,0.029877837389118877,0.23289511325470866,0.058417147663205216,3.9867594117643064
narrow_prism,0.009399999999999999,0.11911574941423317,0.8525064805074349,0.23289511325470866,1.6668206706881366,0.13972415710357092
broad_prism,0.0095,0.1218136138366199,0.031002599892108035,0.2407037009411609,0.06126113738680548,3.929141886826999
narrow_prism,0.0095,0.1218136138366199,0.8539396656235352,0.2407037009411609,1.6873847792721053,0.14264897010923278
broad_prism,0.0096,0.12451447144412296,0.032144947326876054,0.24863049657962472,0.06418703082230609,3.8735316682263696
narrow_prism,0.0096,0.12451447144412296,0.8553453273074225,0.24863049657962472,1.7079535495674611,0.14557216538037018
broad_prism,0.0097,0.12721767668229803,0.03330452998473528,0.2566743844742045,0.0671952196972019,3.819831018201028
narrow_prism,0.0097,0.12721767668229803,0.8567242490262801,0.2566743844742045,1.7285268448354227,0.14849314330356442
broad_prism,0.0098,0.12992260830505947,0.034480996293689496,0.2648342447690332,0.07028606284505666,3.767948211195891
narrow_prism,0.0098,0.12992260830505947,0.8580771848652875,0.2648342447690332,1.749104533629402,0.15141133058497117
broad_prism,0.009899999999999999,0.13262866870306303,0.035673993347252374,0.2731089545933474,0.07345988710066208,3.717797091344644
narrow_prism,0.009899999999999999,0.13262866870306303,0.8594048608885093,0.2731089545933474,1.7696864895416182,0.15432617935851886
broad_prism,0.01,0.1353352832366127,0.036883167401239994,0.28149738913215444,0.07671698819457919,3.6692966676192458
narrow_prism,0.01,0.1353352832366127,0.8607079764250578,0.28149738913215444,1.7902725909641202,0.15723716631362764
broad_prism,0.0101,0.13804189957465682,0.038108164339745294,0.28999842262643905,0.08005763164493691,3.62237074302434
narrow_prism,0.0101,0.13804189957465682,0.861987205285258,0.28999842262643905,1.8108627208632697,0.16014379184314523
broad_prism,0.0102,0.1407479870412307,0.03934863011150552,0.2986109293066751,0.08348205364457013,3.576947574601232
narrow_prism,0.0102,0.1407479870412307,0.8632431969112068,0.2986109293066751,1.8314567665668164,0.1630455792120283
broad_prism,0.0103,0.14345303597051856,0.04060421113787006,0.307333784263239,0.08699046194177282,3.532959561347694
narrow_prism,0.0103,0.14345303597051856,0.8644765774658061,0.307333784263239,1.852054619562743,0.16594207374715456
broad_prism,0.0104,0.1461565570715425,0.041874554693567045,0.3161658642571607,0.09058303671312423,3.4903429574618428
narrow_prism,0.0104,0.1461565570715425,0.865687950864062,0.3161658642571607,1.8726561753091389,0.1688328420485239
broad_prism,0.0105,0.14885808080333315,0.0431593092614526,0.32510604847447966,0.09425993142701249,3.4490376085857473
narrow_prism,0.0105,0.14885808080333315,0.8668778997501816,0.32510604847447966,1.8932613330543968,0.17171747122199257
broad_prism,0.0106,0.15155715676130432,0.04445812486240706,0.3341532192273238,0.09802127369663509,3.408986708961676
narrow_prism,0.0106,0.15155715676130432,0.8680469864237502,0.3341532192273238,1.9138699956670846,0.1745955681335888
broad_prism,0.010700000000000001,0.15425335307542987,0.04577065336152131,0.3433062626046768,0.10186716612140183,3.370136577624394
narrow_prism,0.010700000000000001,0.15425335307542987,0.869195753718053,0.3433062626046768,1.9344820694748992,0.17746675868536985
broad_prism,0.0108,0.1569462558207136,0.04709654875168941,0.3525640690756511,0.10579768711579508,3.3324364519403087
narrow_prism,0.0108,0.1569462558207136,0.8703247258333905,0.3525640690756511,1.9550974641121284,0.18033068711270697
broad_prism,0.0109,0.1596354684403454,0.04843546741569695,0.3619255340479511,0.10981289172486812,3.2958382969710085
narrow_prism,0.0109,0.1596354684403454,0.8714344091280515,0.3619255340479511,1.9757160923751185,0.18318701530282128
broad_prism,0.011000000000000001,0.16232061118184818,0.049787068367863944,0.3713895583840687,0.11391281242567271,3.2602966292874007
narrow_prism,0.011000000000000001,0.16232061118184818,0.8725252928694238,0.3713895583840687,1.9963378700852419,0.18603542213433574
broad_prism,0.0111,0.16500132054644387,0.05115101347626998,0.3809550488776296,0.11809745991401213,3.2257683539934434
narrow_prism,0.0111,0.16500132054644387,0.8735978499475631,0.3809550488776296,2.016962715958934,0.18887560283756183
broad_prism,0.011200000000000002,0.16767724875179713,0.05252696766655688,0.3906209186921867,0.12236682387601093,3.1922126138371145
narrow_prism,0.011200000000000002,0.16767724875179713,0.8746525375533845,0.3906209186921867,2.0375905514843646,0.19170726837520088
broad_prism,0.011300000000000001,0.17034806320823295,0.05391459910827064,0.4003860877646308,0.12672087374407934,3.1595906493924226
narrow_prism,0.011300000000000001,0.17034806320823295,0.8756897978235026,0.4003860877646308,2.0582213008043606,0.19453014484310235
broad_prism,0.0114,0.17301344600847166,0.05531357938467046,0.410249483175288,0.1311595594369306,3.1278656693914906
narrow_prism,0.0114,0.17301344600847166,0.876710058453612,0.410249483175288,2.078854890605205,0.19734397289069774
broad_prism,0.011500000000000002,0.1756730934308745,0.0567235836468991,0.42021003948665187,0.13568281208338265,3.0970027303710035
narrow_prism,0.011500000000000002,0.1756730934308745,0.8777137332821823,0.42021003948665187,2.0994912500109804,0.20014850716070104
broad_prism,0.0116,0.1783267154561531,0.058144290753373636,0.4302666990526062,0.1402905447297399,3.066968624874082
narrow_prism,0.0116,0.1783267154561531,0.8787012228461253,0.4302666990526062,2.1201303104831313,0.20294351574765132
broad_prism,0.011699999999999999,0.18097403529745745,0.05957538339522336,0.44041841229989237,0.14498265303061555,3.0377317775174837
narrow_prism,0.011699999999999999,0.18097403529745745,0.879672914909989,0.44041841229989237,2.140772005724949,0.20572877967485823
broad_prism,0.0118,0.18361478894372427,0.0610165482085659,0.4506641379834769,0.14975901592310412,3.009262148296145
narrow_prism,0.0118,0.18361478894372427,0.8806291849701356,0.4506641379834769,2.161416271590701,0.20850409238929676
broad_prism,0.011899999999999999,0.1862487247161421,0.062467475874380854,0.4610028434173949,0.1546194962842675,2.981531142552958
narrow_prism,0.011899999999999999,0.1862487247161421,0.8815703967352695,0.4610028434173949,2.182063045999139,0.21126925927399479
broad_prism,0.012,0.18887560283756183,0.06392786120670757,0.47143350468255435,0.1595639415719421,2.954511527092107
narrow_prism,0.012,0.18887560283756183,0.8824969025845955,0.47143350468255435,2.2027122688511502,0.21402409717744747
